{
  "evaluation_cutoff": "2026-06-27 after completion of the group stage",
  "matches_evaluated": 72,
  "outcome_accuracy": 0.5972222222222222,
  "log_loss": 0.8799107535407706,
  "multiclass_brier_score": 0.5205706015488198,
  "ranked_probability_score": 0.15935215241719738,
  "expected_calibration_error_10bin": 0.06955398036049315,
  "exact_score_accuracy": 0.1111111111111111,
  "rounded_expected_score_accuracy": 0.05555555555555555,
  "home_goals_mae": 1.0967787205287847,
  "away_goals_mae": 0.8865669184710957,
  "total_goals_mae": 1.640246329571267,
  "within_one_goal_both_teams_rate": 0.3055555555555556,
  "over_2_5_accuracy": 0.5555555555555556,
  "btts_accuracy": 0.5555555555555556,
  "group_winner_accuracy": 0.8333333333333334,
  "group_winners_correct": 10,
  "top2_team_overlap_rate": 0.8333333333333334,
  "top2_teams_correct": 20,
  "groups_with_exact_top2_pair": 8,
  "round32_qualifier_precision_recall": 0.8125,
  "round32_qualifiers_correct": 26,
  "class_metrics": {
    "home_win": {
      "precision": 0.6341463414634146,
      "recall": 0.7878787878787878,
      "f1": 0.7027027027027027,
      "support": 33
    },
    "draw": {
      "precision": 0.0,
      "recall": 0.0,
      "f1": 0.0,
      "support": 20
    },
    "away_win": {
      "precision": 0.5483870967741935,
      "recall": 0.8947368421052632,
      "f1": 0.68,
      "support": 19
    }
  },
  "confusion_matrix": {
    "labels": [
      "home_win",
      "draw",
      "away_win"
    ],
    "matrix": [
      [
        26,
        0,
        7
      ],
      [
        13,
        0,
        7
      ],
      [
        2,
        0,
        17
      ]
    ]
  }
}