fold,held_out_groups,log_loss,accuracy,goal_mae
1,"F,L",0.815898469575496,0.5,1.1150985953929022
2,"E,K",0.9527089206465713,0.4166666666666667,1.1129967366103906
3,"D,J",0.9358830407426743,0.5,0.8274515477729363
4,"C,I",0.7673343455322853,0.5833333333333334,1.0561454602943552
5,"B,H",1.2662845718091043,0.4166666666666667,1.0547784261115583
6,"A,G",0.9017000377581598,0.4166666666666667,0.950831840844454
